Excess_risk,Mean_error,Mean_risk,Min_risk,Std_error,Std_risk
0.0020528657259937244,0.6134166666666666,0.6794711040349746,0.6794711040349746,0.20766206856867775,0.001110846785903856
0.0038797122967775266,0.6956666666666665,0.6633724997406272,0.6633724997406272,0.23137535641367593,0.002295004572773568
