Excess_risk,Mean_error,Mean_risk,Min_risk,Std_error,Std_risk
0.010939157734598415,0.9426666666666665,0.5586301201171122,0.5586301201171122,0.12713662816915597,0.007283676948449497
0.008603631319641758,0.9983333333333333,0.4647531021025658,0.4647531021025658,0.007701010034765277,0.006407759798694325
0.0021626041153849362,1.0,0.1905850399511425,0.1905850399511425,0.0,0.0015907905178120707
0.0009320429618363546,1.0,0.10751740486186566,0.10751740486186566,0.0,0.0005138875393172419
