Excess_risk,Mean_error,Mean_risk,Min_risk,Std_error,Std_risk
0.007363292093303664,0.6265833333333332,0.6731754732056894,0.6731754732056894,0.16980317445665014,0.004158367503027521
0.010536313039069989,0.7583333333333332,0.6565308219968773,0.6565308219968773,0.16981771272619225,0.007092890130328336
