Excess_risk,Mean_error,Mean_risk,Min_risk,Std_error,Std_risk
0.025490186502088452,0.8735000000000002,0.5486621173942895,0.5486621173942895,0.06731022705849883,0.013841711982475134
0.020750838674405636,0.9183333333333334,0.4718245741426891,0.4718245741426891,0.02732774333082692,0.008724106848569932
0.006938780288307966,0.9377500000000001,0.27069840502977555,0.27069840502977555,0.005137687547266098,0.004244778564851798
0.004221622386325202,0.9379166666666667,0.21245578443469335,0.21245578443469335,0.004613536845222127,0.0022404765660092064
